url,name,pri/we,pro/cal,weight,price,calories,proteins,fats,carbohydrates,content,description,availability,last_upd_time,category,average_rating,rating_count,imgUrl,html_path
https://vkusvill.ru/goods/izdelie-kh-b-derevenskiy-pekarnya-50771.html,Изделие х/б «Деревенский». Пекарня,0.7142857142857143,0.04548229548229548,280.0,200.0,327.6,14.9,6.0,53.5,"пророщенное овсяное зерно, вода питьевая, мука пшеничная хлебопекарная высшего сорта, мука пшеничная цельноезерновая, мука ржаная хлебопекарная обдирная, семена льна, крупа соевая дроблёная, семена подсолнечника очищенные, хлопья ячменные, солод пшеничный, солод ячменный, дрожжи прессованные хлебопекарные, соль пищевая. Продукция производится на предприятии, где используются кунжут.Товар от производителейАктуальные данные указаны на этикетке. Цена может отличаться в зависимости от региона или формата точки продажи (вендинг, микромаркет).Информация на этикетке может незначительно отличаться","Пышный хлеб из пшеничной и обдирной ржаной муки, выпеченный прямо в магазине. Мягкий, пористый, с влажным мякишем и хрустящей корочкой. Обладает сладковато-пряным солодовым вкусом с терпкой ноткой. Прекрасно дополнит порцию домашнего борща и подойдёт для приготовления сытных бутербродов.",0,2025-06-13 10:51:11,Хлеб и выпечка#Хлеб и выпечка из нашей пекарни#Хлеб,4.9,5204,https://img.vkusvill.ru/pim/images/site_LargeWebP/14fd2f6f-5095-4065-92ba-aaeb7148bf57.webp?1713537034.8973,izdelie-kh-b-derevenskiy-pekarnya-50771.html
https://vkusvill.ru/goods/izdelie-kh-b-derevenskiy-polovinka-pekarnya-64824.html,"Изделие х/б «Деревенский», половинка. Пекарня",0.8888888888888888,0.04548229548229548,135.0,120.0,327.6,14.9,6.0,53.5,"пророщенное овсяное зерно, вода питьевая, мука пшеничная хлебопекарная высшего сорта, мука пшеничная цельнозерновая, мука ржаная хлебопекарная обдирная, семена льна, крупа соевая дроблёная, семена подсолнечника очищенные, хлопья ячменные, солод пшеничный, солод ячменный, дрожжи прессованные хлебопекарные, соль пищевая. Продукция производится на предприятии, где используется кунжутТовар от производителейАктуальные данные указаны на этикетке. Цена может отличаться в зависимости от региона или формата точки продажи (вендинг, микромаркет).Информация на этикетке может незначительно отличаться","Пышный хлеб из пшеничной и обдирной ржаной муки, выпеченный прямо в магазине. Мягкий, пористый, с влажным мякишем и хрустящей корочкой. Обладает сладковато-пряным солодовым вкусом с терпкой ноткой. Прекрасно дополнит порцию домашнего борща и подойдёт для приготовления сытных бутербродов.",0,2025-06-13 10:51:11,Хлеб и выпечка#Хлеб и выпечка из нашей пекарни#Хлеб,4.8,4234,https://img.vkusvill.ru/pim/images/site_LargeWebP/7dd92039-e705-4ec7-9985-1251acc86c4f.webp?1713536918.4114,izdelie-kh-b-derevenskiy-polovinka-pekarnya-64824.html
https://vkusvill.ru/goods/ulitka-grecheskaya-s-syrom-i-shpinatom-pekarnya-106787.html,Улитка греческая с сыром и шпинатом. Пекарня,1.67,0.04235656526761648,100.0,167.0,259.7,11.0,12.1,26.7,"тесто (мука пшеничная хлебопекарная высшего сорта, вода питьевая, масло подсолнечное рафинированное дезодорированное, соль пищевая), начинка (сыр осетинский м.д.ж. в сухом веществе 45% (молоко пастеризованное, закваска мезофильных и термофильных микроорганизмов, соль пищевая, молокосвёртывающий ферментный препарат животного происхождения), творог м.д.ж. 9% (молоко нормализованное, закваска молочнокислых культур), шпинат замороженный, лук репчатый свежий, масло подсолнечное рафинированное дезодорированное, меланж яичный жидкий пастеризованный, соль пищевая, крахмал кукурузный).  Продукция производится на предприятии, где используются аллергены: арахис, кунжут, орехи.","Сытная греческая выпечка из тонкого теста с начинкой из осетинского сыра, творога и шпината. Главная её особенность — это способ приготовления. Тесто раскатывают достаточно тонким слоем, а начинку кладут так, что во время выпекания образовался воздушный карман. Благодаря нему текстура улитки кажется более лёгкой. Греть выпечку необязательно, поэтому она прекрасно подойдёт для сытного перекуса вне дома.",0,2025-06-13 14:45:07,"Готовая еда#Пироги, пирожки и лепёшки",4.5,1872,https://img.vkusvill.ru/pim/images/site_LargeWebP/7a6d5aef-cfd7-4f40-b3ca-618685345503.webp?1738016757.3872,ulitka-grecheskaya-s-syrom-i-shpinatom-pekarnya-106787.html
https://vkusvill.ru/goods/khleb-rzhanoy-rodnoy-iz-detstva-polovinka-pekarnya-65691.html,"Хлеб ржаной «Родной из детства», половинка. Пекарня",0.456,0.04141018466703974,250.0,114.0,178.7,7.4,1.1,34.8,"мука ржаная обдирная, вода питьевая, закваска ржаная (мука ржаная обдирная, вода питьевая),  соль поваренная, дрожжи хлебопекарные прессованные. Продукция производится на предприятии, где используются кунжут, орех, соя, молоко (лактоза), яйцо.Товар от производителейАктуальные данные указаны на этикетке. Цена может отличаться в зависимости от региона или формата точки продажи (вендинг, микромаркет).Информация на этикетке может незначительно отличаться","Ароматный, идеально пропечённый хлеб из ржаной обдирной муки, дрожжей и закваски из ржи. Упругий нежный мякиш и хрустящая корочка, которую так и хочется откусить, совсем как в детстве. Полезный и сытный, этот хлеб подчеркнёт вкус первых и вторых блюд. Из него получаются аппетитный бутерброды для здорового перекуса и домашние сухарики.",0,2025-06-13 14:45:08,Хлеб и выпечка#Хлеб на закваске,4.8,4146,https://img.vkusvill.ru/pim/images/site_LargeWebP/0489572e-8640-48c0-95fc-8acd8c26e6f6.webp?1719770261.1921,khleb-rzhanoy-rodnoy-iz-detstva-polovinka-pekarnya-65691.html
https://vkusvill.ru/goods/khleb-rzhanoy-rodnoy-iz-detstva-pekarnya-65177.html,Хлеб ржаной «Родной из детства». Пекарня,0.436,0.04141018466703974,500.0,218.0,178.7,7.4,1.1,34.8,"мука ржаная обдирная, вода питьевая, закваска ржаная (мука ржаная обдирная, вода питьевая),  соль поваренная, дрожжи хлебопекарные прессованные. Продукция производится на предприятии, где используются кунжут, орех, соя, молоко (лактоза), яйцо.Товар от производителейАктуальные данные указаны на этикетке. Цена может отличаться в зависимости от региона или формата точки продажи (вендинг, микромаркет).Информация на этикетке может незначительно отличаться","Ароматный, идеально пропечённый хлеб из ржаной обдирной муки, дрожжей и закваски из ржи. Упругий нежный мякиш и хрустящая корочка, которую так и хочется откусить, совсем как в детстве. Полезный и сытный, этот хлеб подчеркнёт вкус первых и вторых блюд. Из него получаются аппетитный бутерброды для здорового перекуса и домашние сухарики.",0,2025-06-13 14:45:08,Хлеб и выпечка#Хлеб на закваске,4.8,3791,https://img.vkusvill.ru/pim/images/site_LargeWebP/b69023f1-b7a2-4add-ba13-d9d0bfe038d5.webp?1719770141.4265,khleb-rzhanoy-rodnoy-iz-detstva-pekarnya-65177.html
https://vkusvill.ru/goods/ulitka-grecheskaya-s-kuritsey-pekarnya-106814.html,Улитка греческая с курицей. Пекарня,1.78,0.040535649656170826,100.0,178.0,276.3,11.2,13.9,26.6,"тесто (мука пшеничная хлебопекарная высшего сорта, вода питьевая, масло подсолнечное рафинированное дезодорированное, соль пищевая), начинка (мясо бедра куриного бескостное охлажденное, лук репчатый свежий, сметана м.д.ж. 20% (сливки нормализованные, закваска кисломолочных культур), масло подсолнечное рафинированное дезодорированное, бульон куриный процеженный (вода питьевая, мясо бедра куриного бескостное охлажденное), масло сладко-сливочное несоленое м.д.ж. 72,5%, соль пищевая, перец черный молотый), семена кунжута черного.  Продукция производится на предприятии, где используются аллергены: арахис, орехи, яйца.","Греческая улитка с курицей — это воздушная выпечка из тонкого хрустящего теста с нежной начинкой из сочного куриного мяса, ароматного лука и сметаны. Во время её выпекания внутри образуется воздушный карман, который делает текстуру лёгкой, а вкус — насыщенным. Улитку можно есть как в горячем, так и в холодном виде, поэтому она отлично подойдёт для быстрого перекуса или сытного обеда вне дома.",0,2025-06-13 14:45:08,"Готовая еда#Пироги, пирожки и лепёшки",4.6,738,https://img.vkusvill.ru/pim/images/site_LargeWebP/0cd104de-e616-40a8-9320-9dcc6de90ac0.webp?1742598269.1242,ulitka-grecheskaya-s-kuritsey-pekarnya-106814.html
https://vkusvill.ru/goods/baget-tselnozernovoy-pekarnya-66889.html,Багет «Цельнозерновой». Пекарня,0.6875,0.03989637305699482,240.0,165.0,193.0,7.7,0.6,39.2,"Мука пшеничная хлебопекарная высшего сорта, мука пшеничная цельнозерновая, вода питьевая, закваска(мука пшеничная хлебопекарная высшего сорта, мука пшеничная цельнозерновая, вода питьевая,заквасочные культуры штаммы молочнокислых бактерий ( Lactobacillus crispatus, Lactobacillus pontis)  и дрожжи ( Saccharomyces cerevisiae)), соль пищевая. Продукт может содержать аллергены: кунжут и продукты его переработки, орехи и продукты их переработки.Товар от производителейАктуальные данные указаны на этикетке. Цена может отличаться в зависимости от региона или формата точки продажи (вендинг, микромаркет).Информация на этикетке может незначительно отличаться","Румяный багет с хрустящей корочкой и воздушным мякишем, выпеченный на закваске из пшеничной и пшеничной цельнозерновой муки. Прекрасно подойдёт для приготовления фразцузских крутонов, золотистых гренков, изысканных брускетт с вялеными томатами и привычным сладко-сливочным маслом.",0,2025-06-13 10:51:09,Хлеб и выпечка#Хлеб и выпечка из нашей пекарни#Хлеб,4.8,6427,https://img.vkusvill.ru/pim/images/site_LargeWebP/e1e16476-44d5-47e8-a31d-724c5548e6be.webp?1713442226.3366,baget-tselnozernovoy-pekarnya-66889.html
https://vkusvill.ru/goods/baget-iz-kamennoy-pechi-pekarnya-89117.html,Багет из каменной печи. Пекарня,1.0689655172413792,0.0374372829023543,290.0,310.0,259.1,9.7,1.5,51.7,"мука пшеничная хлебопекарная высшего сорта, вода питьевая, закваска пшеничная (мука пшеничная хлебопекарная высшего сорта, вода питьевая), закваска пшеничная сухая, соль пищевая, дрожжи хлебопекарные, масло подсолнечное рафинированное.  Продукция производится на предприятии, где используются аллергены: арахис, кунжут, молоко (лактоза), орехи, соя, яйца.","Ароматный багет ручной работы. С хрустящей корочкой, воздушным крупнопористым мякишем и простым составом. Приготовлен из пшеничной муки, на закваске и дрожжах. Не крошится под ножом и отлично подходит для эстетичных брускетт, сытных бутербродов и к первым блюдам.",0,2025-06-13 10:51:09,Выпекаем сами#Хлеб,4.8,1291,https://img.vkusvill.ru/pim/images/site_LargeWebP/c557e44c-b86b-4522-bfba-1ac0b208d831.webp?1719343681.2808,baget-iz-kamennoy-pechi-pekarnya-89117.html
https://vkusvill.ru/goods/baget-derevenskiy-na-zakvaske-pekarnya-92788.html,Багет деревенский на закваске. Пекарня,0.9083333333333333,0.03741358275721838,240.0,218.0,245.9,9.2,1.9,48.0,"мука пшеничная хлебопекарная высшего сорта, вода питьевая, закваска пшеничная (мука пшеничная хлебопекарная высшего сорта, вода питьевая), мука пшеничная цельнозерновая, соль пищевая, закваска пшеничная сухая, дрожжи хлебопекарные, масло подсолнечное рафинированное.  Продукция производится на предприятии, где используются аллергены: арахис, кунжут, молоко (лактоза), орехи, яйца.","Свежий багет ручной работы, выпеченный в нашей пекарне. Приготовлен с добавлением цельнозерновой муки на ароматной закваске. Порадует воздушным крупнопористым мякишем и тонкой хрусткой корочкой. Не крошится под ножом, подходит для брускетт, бутербродов и к лёгким супам. Прекрасно сочетается с сырами, мясными деликатесами, сочными овощами и различными намазками: хумусом, риетами, паштетами.",0,2025-06-13 10:51:09,Выпекаем сами#Хлеб,4.9,2599,https://img.vkusvill.ru/pim/images/site_LargeWebP/ce7a721f-2fa8-41ab-b22c-46771f2e8a87.webp?1713575302.4643,baget-derevenskiy-na-zakvaske-pekarnya-92788.html
https://vkusvill.ru/goods/baget-pshenichnyy-podovyy-pekarnya-29303.html,Багет пшеничный подовый. Пекарня,0.49,0.03518518518518519,200.0,98.0,270.0,9.5,2.0,54.5,"мука пшеничная хлебопекарная высшего сорта, вода питьевая, соль поваренная пищевая, закваска (вода питьевая, мука пшеничная в/с), дрожжи прессованные хлебопекарные.Продукция производится на предприятии, где используются кунжут, орех ,соя, молоко (лактоза),яйцоТовар от производителейДанный товар поставляют несколько производителей, внешний вид и характеристики могут незначительно отличаться. Актуальные данные указаны на этикетке. Цена может отличаться в зависимости от региона или формата точки продажи (вендинг, микромаркет).Информация на этикетке может незначительно отличаться","Пышный пшеничный багет, выпеченный прямо в магазине. Ароматный, с хрустящей корочкой и нежной мякотью, он прекрасно подойдёт для приготовления крутонов, привычных бутербродов и изысканных брускетт.",0,2025-06-13 10:51:12,Хлеб и выпечка#Хлеб и выпечка из нашей пекарни#Хлеб,4.9,4385,https://img.vkusvill.ru/pim/images/site_LargeWebP/9633344c-7d86-4c71-9e4e-78916681f498.webp?1712162784.6609,baget-pshenichnyy-podovyy-pekarnya-29303.html
https://vkusvill.ru/goods/khleb-grechishnyy-na-zakvaske-bez-dob-sakhara-pekarnya-86818.html,Хлеб «Гречишный на закваске» (без доб. сахара). Пекарня,0.43333333333333335,0.035056179775280895,300.0,130.0,222.5,7.8,2.1,43.1,"Мука пшеничная хлебопекарная первого сорта, мука пшеничная хлебопекарная высшего сорта, вода питьевая, мука гречневая цельносмолотая, закваска пшеничная (мука пшеничная хлебопекарная высшего сорта, вода питьевая), соль пищевая, масло подсолнечное рафинированное дезодорированное.","Ароматный хлеб из пшеничной и цельносмолотой гречневой муки, выпеченный в нашей пекарне. Мы изменили рецептуру, и теперь в вашем любимом хлебе совсем нет дрожжей — только закваска. У него мягкий мелкопористый мякиш и хрустящая румяная корочка. А в нежном вкусе звучит утончённая сладковато-ореховая нота. Приготовлен без добавления сахара и животных ингредиентов. Отлично подойдёт для сытных бутербродов и к первым блюдам.",0,2025-06-13 14:45:07,Хлеб и выпечка#Хлеб на закваске,4.9,2788,https://img.vkusvill.ru/pim/images/site_LargeWebP/0eea3649-8c59-4bce-b838-846d8ea552cf.webp?1719322325.1044,khleb-grechishnyy-na-zakvaske-bez-dob-sakhara-pekarnya-86818.html
https://vkusvill.ru/goods/tartin-zernovoy-300g-pekarnya-101575.html,"Тартин зерновой, 300г. Пекарня",0.5166666666666667,0.03388054488298987,300.0,155.0,286.3,9.7,6.7,46.8,"мука пшеничная хлебопекарная высшего сорта, вода питьевая, закваска пшеничная (мука пшеничная хлебопекарная высшего сорта, вода питьевая), мука пшеничная цельнозерновая, семена льна, семена подсолнечника очищенные, семена тыквы очищенные, крупа пшено, соль пищевая. Продукция производится на предприятии, где используются аллергены: арахис, кунжут, молоко (лактоза), орехи, яйца.","Тартин из нашей пекарни — это бронзовая корочка и чуть влажный ноздреватый мякиш с кислинкой. Одна из его особенностей — длительная ферментация на живой закваске, которая и делает хлеб пористым и ароматным. А обилие похрустывающих семечек придаёт ему ещё большую яркость. Тартин отлично сочетается с мясными деликатесами, сырами и разнообразными паштетами. К тому же он отлично дополнит первые блюда. Подходит вегетарианцам.",9,2025-06-13 14:45:07,Хлеб и выпечка#Хлеб на закваске,4.9,5640,https://img.vkusvill.ru/pim/images/site_LargeWebP/8ae40479-9450-40a6-bc65-a32b5b65c477.webp?1727294547.8414,tartin-zernovoy-300g-pekarnya-101575.html
https://vkusvill.ru/goods/tartin-zernovoy-pekarnya-27859.html,Тартин зерновой. Пекарня,0.42,0.03388054488298987,500.0,210.0,286.3,9.7,6.7,46.8,"мука пшеничная хлебопекарная первого сорта «Шугуровская»,мука пшеничная в/с, мука пшеничная цельнозерновая, закваска пшеничная( мука пшеничная в/с, мука пшеничная цельнозерновая, вода питьевая, бактериальная закваска пшеничная), семена подсолнечника очищенные, семена льна, семена тыквы очищенные, пшено, соль пищевая, вода питьевая. Продукция производится на предприятии, где используются кунжут, орех, соя, молоко (лактоза), яйцо.Товар от производителейАктуальные данные указаны на этикетке. Цена может отличаться в зависимости от региона или формата точки продажи (вендинг, микромаркет).Информация на этикетке может незначительно отличаться","Пышный хлеб с хрустящей корочкой и воздушным мякишем, выпеченный на бактериальной закваске из шугуровской пшеничной и пшеничной цельнозерновой муки. Семена льна, подсолнечника и тыквы придают вкусу хлеба маслянисто-ореховые нотки, а закваска привносит в него приятную кислинку. Хлеб превосходно сочетается с первыми блюдами, мясом и разнообразными паштетами.",0,2025-06-13 14:45:08,Хлеб и выпечка#Хлеб на закваске,4.8,3082,https://img.vkusvill.ru/pim/images/site_LargeWebP/9152d79c-9f18-469d-b51b-015d674f0b57.webp?1713542849.5413,tartin-zernovoy-pekarnya-27859.html
https://vkusvill.ru/goods/izdelie-kh-b-syrnyy-tvist-pekarnya-108943.html,Изделие х/б «Сырный твист». Пекарня,0.728,0.032505366452008584,250.0,182.0,326.1,10.6,5.3,59.0,"мука пшеничная хлебопекарная высшего сорта, вода питьевая, сыр гауда м.д.ж. в сухом веществе 45% (молоко нормализованное пастеризованное, бактериальная закваска мезофильных и термофильных молочнокислых микроорганизмов, соль пищевая, молокосвертывающий ферментный препарат живого происхождения, уплотнитель - хлорид кальция, ферментный препарат животного происхождения - лизоцим (из белка куриных яиц), краситель - аннато), закваска пшеничная (вода питьевая, мука пшеничная хлебопекарная высшего сорта), кинза свежая (зелень), соль пищевая, мука пшеничная цельнозерновая, петрушка свежая (зелень), сахар, дрожжи хлебопекарные прессованные, мука ржаная хлебопекарная обдирная. Продукция производится на предприятии, где используются аллергены: арахис, кунжут, орехи.","Сырный твист из пекарни — ароматная хрустящая выпечка с сыром и ярким вкусом свежей зелени. Тесто замешано на закваске из нескольких видов муки, благодаря чему структура получается плотной, но нежной внутри. Сверху — аппетитная корочка, внутри — гауда, кинза и петрушка. Отличный вариант для перекуса или дополнения к основному блюду.",0,2025-06-13 10:51:11,Хлеб и выпечка#Хлеб и выпечка из нашей пекарни#Хлеб,4.7,1016,https://img.vkusvill.ru/pim/images/site_LargeWebP/3d5f563a-5eeb-497f-9dc6-738b36d579d2.webp?1741734980.0286,izdelie-kh-b-syrnyy-tvist-pekarnya-108943.html
https://vkusvill.ru/goods/izdelie-kh-b-chiabatta-pekarnya-27855.html,"Изделие х/б «Чиабатта», Пекарня",0.35,0.032386177530298065,300.0,105.0,244.24,7.91,4.88,42.17,"мука хлебопекарная в/с, опара пшеничная( мука хлебопекарная в/с, вода питьевая, дрожжи прессованные), соль пищевая, сахар, кефир м.д.ж. 3,2%(молоко цельное, молоко обезжиренное, закваска на кефирных грибках), масло оливковое рафинированное( из выжимки оливок, оливковое масло первого холодного отжима), дрожжи прессованные. Продукция производится на предприятии, где используются кунжут, арахис, миндаль, молоко(лактоза),яйца.Товар от производителейДанный товар поставляют несколько производителей, внешний вид и характеристики могут незначительно отличаться. Актуальные данные указаны на этикетке. Цена может отличаться в зависимости от региона или формата точки продажи (вендинг, микромаркет).Информация на этикетке может незначительно отличаться","Мягкий пшеничный хлеб, выпеченный по итальянскому рецепту с добавлением оливкового масла. Идеален для приготовления сытных панини с мягким сыром, свежей зеленью и вялеными томатами. А ещё ломтик чиабатты можно подсушить на сковороде или в тостере, натереть чесноком и маслом и подать в качестве лёгкой тёплой закуски.",0,2025-06-13 10:51:10,Хлеб и выпечка#Хлеб и выпечка из нашей пекарни#Хлеб,4.8,6412,https://img.vkusvill.ru/pim/images/site_LargeWebP/ac8729e2-259b-4788-b6b6-1b558ee8f0cf.webp?1713539335.8073,izdelie-kh-b-chiabatta-pekarnya-27855.html
https://vkusvill.ru/goods/chiabatta-iz-kamennoy-pechi-pekarnya-89064.html,Чиабатта из каменной печи. Пекарня,1.0689655172413792,0.03163444639718805,290.0,310.0,227.6,7.2,3.6,41.6,"мука пшеничная хлебопекарная высшего сорта, закваска пшеничная (мука пшеничная хлебопекарная высшего сорта, вода питьевая), вода питьевая, масло оливковое нерафинированное высшего качества (Extra virgin olive oil), дрожжи хлебопекарные, соль пищевая.  Продукция производится на предприятии, где используются аллергены: арахис, кунжут, молоко (лактоза), орехи, соя, яйца.","Традиционная пшеничная чиабатта на закваске и оливковом масле Extra Virgin. Выпечена на поду без использования металлических форм — это и подарило ей румяную корочку. Придуманный в Италии, этот хлеб быстро стал любимым во многих странах. У него слегка влажный мякиш с крупной, неравномерно распределённой пористостью и мягкий вкус, который отлично сочетается с мясными и рыбными деликатесами, сырами, овощами, пряной зеленью. Прежде чем добавить начинку, советуем подсушить ломтики на сковороде, сбрызнуть оливковым маслом и натереть чесноком.",0,2025-06-13 10:51:08,Выпекаем сами#Хлеб,4.8,1298,https://img.vkusvill.ru/pim/images/site_LargeWebP/405a2836-9756-4d80-ac76-bfb38fc1e2f2.webp?1719343724.3376,chiabatta-iz-kamennoy-pechi-pekarnya-89064.html
https://vkusvill.ru/goods/tartin-pshenichno-rzhanoy-pekarnya-25509.html,Тартин пшенично-ржаной. Пекарня,0.2647058823529412,0.0315994166261546,510.0,135.0,205.7,6.5,2.1,40.2,"Вода питьевая, мука пшеничная хлебопекарная высшего сорта, мука пшеничная хлебопекарная первого сорта, мука ржаная хлебопекарная обдирная, мука пшеничная цельнозерновая, соль пищевая, масло подсолнечное рафинированное дезодорированное, дрожжи хлебопекарные прессованные. Продукция производится на предприятии, где используются кунжут, арахис, миндаль, молоко(лактоза), яйца.Товар от производителейДанный товар поставляют несколько производителей, внешний вид и характеристики могут незначительно отличаться. Актуальные данные указаны на этикетке. Цена может отличаться в зависимости от региона или формата точки продажи (вендинг, микромаркет).Информация на этикетке может незначительно отличаться","Пышный дрожжевой хлеб, выпеченный из шугуровской, цельнозерновой и обдирной ржаной муки. Отличается плотным, но воздушным мякишем, румяной корочкой и насыщенным вкусом с едва уловимой кислинкой. Превосходно сочетается с первыми блюдами, мясом и разнообразными паштетами.",0,2025-06-13 10:51:08,Хлеб и выпечка#Хлеб и выпечка из нашей пекарни#Хлеб,4.9,3370,https://img.vkusvill.ru/pim/images/site_LargeWebP/484156c0-c734-4593-a0eb-7defffe75e1d.webp?1719090309.6512,tartin-pshenichno-rzhanoy-pekarnya-25509.html
https://vkusvill.ru/goods/baget-mini-pshenichnyy-pekarnya-50636.html,"Багет мини, пшеничный. Пекарня",0.5,0.030573248407643312,130.0,65.0,314.0,9.6,1.8,68.6,"Мука пшеничная хлебопекарная высшего сорта, вода питьевая, соль поваренная пищевая, закваска (вода питьевая, мука ржаная обдирная), дрожжи прессованные хлебопекарные. Продукция производится на предприятии, где используются кунжут, арахис, миндаль, молоко(лактоза),яйца.Товар от производителейАктуальные данные указаны на этикетке. Цена может отличаться в зависимости от региона или формата точки продажи (вендинг, микромаркет).Информация на этикетке может незначительно отличаться","Ароматный мини-багет сочетает в себе нежный вкус и правильный состав без вредных улучшителей. Благодаря закваске, у него воздушный пористый мякиш и аппетитная хрустящая корочка. Приготовлен из пшеничной муки высшего сорта, на дрожжах.",0,2025-06-13 10:51:10,Хлеб и выпечка#Хлеб и выпечка из нашей пекарни#Хлеб,4.8,8660,https://img.vkusvill.ru/pim/images/site_LargeWebP/22aad458-7860-4876-aef7-4fa85801f603.webp?1713536004.3871,baget-mini-pshenichnyy-pekarnya-50636.html
https://vkusvill.ru/goods/tartin-pshenichnyy-pekarnya-25512.html,Тартин пшеничный. Пекарня,0.2647058823529412,0.03021442495126706,510.0,135.0,205.2,6.2,2.0,40.5,"Мука пшеничная хлебопекарная высшего сорта, вода питьевая, мука пшеничная цельнозерновая, масло подсолнечное рафинированное дезодорированное, соль пищевая, дрожжи хлебопекарные прессованные. Продукция производится на предприятии, где используются кунжут, арахис, миндаль, молоко(лактоза), яйца.Товар от производителейДанный товар поставляют несколько производителей, внешний вид и характеристики могут незначительно отличаться. Актуальные данные указаны на этикетке. Цена может отличаться в зависимости от региона или формата точки продажи (вендинг, микромаркет).Информация на этикетке может незначительно отличаться","Восхитительно воздушная буханка хлеба, выпеченнная на дрожжах из шугуровской и цельнозерновой пшеничной муки. Обладает мягким ароматом и чуть сливочным вкусом. Прекрасно сочетается со слабосолёным лососем, авокадо и рассольными сырами.",0,2025-06-13 10:51:10,Хлеб и выпечка#Хлеб и выпечка из нашей пекарни#Хлеб,4.8,3072,https://img.vkusvill.ru/pim/images/site_LargeWebP/fa5b9337-7080-4de0-bc29-bf5ba1ac60f1.webp?1719090680.5056,tartin-pshenichnyy-pekarnya-25512.html
https://vkusvill.ru/goods/bretsel-na-slivochnom-masle-s-morskoy-solyu-pekarnya-85962.html,Брецель на сливочном масле с морской солью. Пекарня,1.6842105263157894,0.029971901342491412,95.0,160.0,320.3,9.6,5.5,58.1,"Мука пшеничная хлебопекарная высшего сорта, молоко сухое цельное м.д.ж. 26%, вода питьевая, масло сладко-сливочное несоленое м.д.ж. 82%, сахар, солод ячменный светлый, соль пищевая, соль морская пищевая, дрожжи хлебопекарные прессованные. Продукция производится на предприятии, где используются аллергены: кунжут, орехи, яйца.","Традиционный баварский крендель с тонкой корочкой, сдобным тугим тестом и неповторимым ароматом. Приготовлен из пшеничной муки, сливочного масла и ячменного солода. Простой, но очень аппетитный перекус, который станет ещё лучше в компании взбитого масла или горчичного соуса.",0,2025-06-13 10:51:12,Выпекаем сами#Национальная выпечка,4.7,3380,https://img.vkusvill.ru/pim/images/site_LargeWebP/6d5843d1-8208-40f4-bfa5-a74a6ee9a168.webp?1710471807.6986,bretsel-na-slivochnom-masle-s-morskoy-solyu-pekarnya-85962.html
https://vkusvill.ru/goods/izdelie-kh-b-zlakovyy-polovinka-pekarnya-50618.html,"Изделие х/б «Злаковый», половинка. Пекарня",0.725925925925926,0.029154518950437316,135.0,98.0,343.0,10.0,11.7,49.5,"Мука пшеничная высшего  сорта, вода питьевая, кунжут, крупка из твёрдой пшеницы, мука кукурузная, семена льна, семена тыквы, семена подсолнечника, масло оливковое нерафинированное (холодный отжим), мак, соль поваренная,  дрожжи хлебопекарные прессованные. Продукция производится на предприятии, где используются кунжут, арахис, миндаль, молоко(лактоза),яйца.Товар от производителейАктуальные данные указаны на этикетке. Цена может отличаться в зависимости от региона или формата точки продажи (вендинг, микромаркет).Информация на этикетке может незначительно отличаться","Половинка хлеба из пшеничной и кукурузной муки, выпеченный на оливковом масле прямо в магазине. Семена льна, тыквы и подсолнечника придают хлебу мягкий маслянисто-ореховый вкус, который органично оттеняет сладость кукурзного зерна. Хлеб превосходно подходит для подачи в сопровождении основных блюд и приготовления лёгких брускетт, например, с моцареллой и вялеными томатами.",0,2025-06-13 10:51:09,Хлеб и выпечка#Хлеб и выпечка из нашей пекарни#Хлеб,4.8,4499,https://img.vkusvill.ru/pim/images/site_LargeWebP/121ba158-8722-41ee-8771-d1170a9fa70b.webp?1713538945.4395,izdelie-kh-b-zlakovyy-polovinka-pekarnya-50618.html
https://vkusvill.ru/goods/izdelie-kh-b-zlakovyy-pekarnya-49987.html,Изделие х/б «Злаковый». Пекарня,0.6642857142857143,0.029129041654529564,280.0,186.0,343.3,10.0,11.7,49.5,"Мука пшеничная хлебопекарная высшего  сорта, вода питьевая, семена кунжута, крупка из твёрдой пшеницы, мука кукурузная, семена льна, семена тыквы очищенные, семена подсолнечника очищенные, масло оливковое нерафинированное, мак пищевой, соль пищевая,  дрожжи хлебопекарные прессованные. Продукция производится на предприятии, где используются аллергены: молоко (лактоза), орехи, яйца.Товар от производителейАктуальные данные указаны на этикетке. Цена может отличаться в зависимости от региона или формата точки продажи (вендинг, микромаркет).Информация на этикетке может незначительно отличаться","Воздушный хлеб из пшеничной и кукурузной муки, выпеченный на оливковом масле прямо в магазине. Семена льна, тыквы и подсолнечника придают хлебу мягкий маслянисто-ореховый вкус, который органично оттеняет сладость кукурзного зерна. Хлеб превосходно подходит для подачи в сопровождении основных блюд и приготовления лёгких брускетт, например, с моцареллой и вялеными томатами.",0,2025-06-13 10:51:10,Хлеб и выпечка#Хлеб и выпечка из нашей пекарни#Хлеб,4.9,5287,https://img.vkusvill.ru/pim/images/site_LargeWebP/c4edeb5c-4d92-4556-beea-aa11a1c59263.webp?1716798540.2104,izdelie-kh-b-zlakovyy-pekarnya-49987.html
https://vkusvill.ru/goods/bulochki-rzhanye-borodino-2-sht-pekarnya-64780.html,"Булочки ржаные «Бородино», 2 шт. Пекарня",1.25,0.02872531418312388,80.0,100.0,222.8,6.4,1.6,45.7,"мука ржаная обдирная, мука пшеничная хлебопекарная первого сорта, вода питьевая, солод ржаной ферментированный, сахар, дрожжи хлебопекарные прессованные, закваска (рожь, вода питьевая, заквасочные культуры (штаммы молочнокислых бактерий (Lactobacillus sanfranciscensis, Lactobacillus pontis) и дрожжей (Candida humilis))), соль пищевая.Товар от производителейАктуальные данные указаны на этикетке. Цена может отличаться в зависимости от региона или формата точки продажи (вендинг, микромаркет).Информация на этикетке может незначительно отличаться","Сладковатые булочки из обдирной ржаной муки, выпеченные на дрожжах и закваске с добавлением ферментированного солода. Отлично сочетаются со сливочным маслом, чесноком и свежей зеленью.",0,2025-06-13 14:45:07,Хлеб и выпечка#Хлеб на закваске,4.8,3580,https://img.vkusvill.ru/pim/images/site_LargeWebP/f88dbd12-19fe-4b2b-9493-3730cba13680.webp?1713536469.7451,bulochki-rzhanye-borodino-2-sht-pekarnya-64780.html
https://vkusvill.ru/goods/bretsel-briosh-s-koritsey-pekarnya-109731.html,Брецель-бриошь с корицей. Пекарня,1.5277777777777777,0.028533945555919975,108.0,165.0,304.9,8.7,4.1,58.3,"мука пшеничная хлебопекарная высшего сорта, вода питьевая, сахар, молоко сухое цельное м.д.ж. 26%, масло сливочное м.д.ж. 82%, дрожжи хлебопекарные прессованные, корица молотая, соль морская пищевая.  Продукция производится на предприятии, где используются аллергены: арахис, кунжут, орехи, яйца.","Плотная по текстуре булочка по форме напоминает брецель. Приготовили её на сливочном масле из муки высшего сорта. Здесь корица с тёплой горчинкой раскрывается постепенно и напоминает о пряных европейских булочках. Удачный вариант для тех, кто любит макать выпечку в напиток — намокнув, она не распадётся и не окажется на дне стакана. Можно слегка подогреть бриошь в микроволновке, чтобы ещё ярче зазвучал аромат корицы, а сама булочка стала более нежной.",0,2025-06-13 10:51:10,Выпекаем сами#Сладкая выпечка,4.6,610,https://img.vkusvill.ru/pim/images/site_LargeWebP/f217661c-f23c-4a43-b555-731427eae6b4.webp?1744048865.8404,bretsel-briosh-s-koritsey-pekarnya-109731.html
https://vkusvill.ru/goods/baget-pshenichnyy-pekarnya-25519.html,Багет пшеничный. Пекарня,0.3925925925925926,0.028030833917309043,270.0,106.0,285.4,8.0,3.8,54.8,"мука высший сорт, опара пшеничная (мука высший сорт, вода, дрожжи пресованные), соль, сахар, закваска пшеничная (мука высший сорт, мука пшеничная цельнозерновая, вода, закваска микробного происхождения. Продукция производится на предприятии, где используются кунжут, арахис, миндаль, молоко(лактоза),яйца.Товар от производителейДанный товар поставляют несколько производителей, внешний вид и характеристики могут незначительно отличаться. Актуальные данные указаны на этикетке. Цена может отличаться в зависимости от региона или формата точки продажи (вендинг, микромаркет).Информация на этикетке может незначительно отличаться","Тот самый багет с хрустящей золотистой корочкой и нежным сливочным мякишем, выпеченный прямо в магазине. Идеален для приготовления как привычных сытных бутербродов, так и изысканных закусок и брускетт.",0,2025-06-13 10:51:10,Хлеб и выпечка#Хлеб и выпечка из нашей пекарни#Хлеб,4.9,13807,https://img.vkusvill.ru/pim/images/site_LargeWebP/f283e67d-8476-45f0-8f8d-07036c3e995f.webp?1716793703.0713,baget-pshenichnyy-pekarnya-25519.html
https://vkusvill.ru/goods/khleb-khutorskoy-s-semechkami-na-rzhanom-solode-pekarnya-57383.html,"Хлеб «Хуторской» с семечками на ржаном солоде, пекарня",0.375,0.027913809990205683,400.0,150.0,204.2,5.7,0.6,44.0,"Мука хлебопекарная пшеничная высший сорт, мука ржаная хлебопекарная  обдирная, вода питьевая очищенная, солод ржаной ферментированный, семена подсолнечника, соль поваренная пищевая, дрожжи хлебопекарные прессованные. Продукция производится на предприятии, где используются кунжут, арахис, миндаль, молоко(лактоза),яйца.Товар от производителейАктуальные данные указаны на этикетке. Цена может отличаться в зависимости от региона или формата точки продажи (вендинг, микромаркет).Информация на этикетке может незначительно отличаться","Свежий хлеб с семенами подсолнечника на ржаном солоде. Его особенно оценят любители классического серого хлеба со сбалансированным вкусом и хрустящей корочкой. Продукт станет прекрасным дополнением ко всем блюдам, а также базой для приготовления бутербродов, брускет и сэндвичей.",0,2025-06-13 10:51:11,Хлеб и выпечка#Хлеб и выпечка из нашей пекарни#Хлеб,4.8,3216,https://img.vkusvill.ru/pim/images/site_LargeWebP/cf2a4da9-bd0a-4748-9201-40b725d4ebf3.webp?1719770378.401,khleb-khutorskoy-s-semechkami-na-rzhanom-solode-pekarnya-57383.html
https://vkusvill.ru/goods/izdelie-kh-b-monzh-pekarnya-62101.html,Изделие х/б «МОНЖ». Пекарня,0.4666666666666667,0.026615969581749048,300.0,140.0,263.0,7.0,3.0,52.0,"Мука пшеничная хлебопекарная высшего сорта, мука пшеничная хлебопекарная первого сорта, вода питьевая,  сахар, дрожжи хлебопекарные прессованные, масло подсолнечное нерафинированное, соль пищевая, солод ржаной неферментированный. Продукция производится на предприятии, где используются кунжут, арахис, миндаль, молоко(лактоза),яйца.Товар от производителейАктуальные данные указаны на этикетке. Цена может отличаться в зависимости от региона или формата точки продажи (вендинг, микромаркет).Информация на этикетке может незначительно отличаться","Французская булка с характерным гребешком и запоминающимся сливочно-пшеничным ароматом. Этот хлеб выпечен на подовом камне. В нагретой печи хлеб окутывает плотное и мягкое тепловое одеяло. При этом сначала быстро образуется корочка, а затем «доходит» мякиш. Вековой опыт производителей хлеба доказал, что самый вкусный хлеб — это хлеб, медленно собравший весь жар из камня.",0,2025-06-13 10:51:11,Хлеб и выпечка#Хлеб и выпечка из нашей пекарни#Хлеб,4.8,2298,https://img.vkusvill.ru/pim/images/site_LargeWebP/9b5ec90b-3576-41d0-8d57-5991dee13030.webp?1713539193.5928,izdelie-kh-b-monzh-pekarnya-62101.html
https://vkusvill.ru/goods/bretsel-briosh-so-sladkim-batatom-pekarnya-108320.html,Брецель-бриошь со сладким бататом. Пекарня,1.736842105263158,0.026607538802660757,95.0,165.0,315.7,8.4,3.7,62.2,"мука пшеничная хлебопекарная высшего сорта, вода питьевая, батат (батат сушеный молотый, глюкоза), сахар, молоко сухое цельное м.д.ж. 26%, масло сливочное м.д.ж. 82%, дрожжи хлебопекарные прессованные, соль морская пищевая.  Продукция производится на предприятии, где используются аллергены: арахис, кунжут, орехи, яйца.","Воздушная брецель-бриошь с лёгким сладковатым вкусом и мягкой, тянущейся текстурой. В тесто добавлен сладкий батат, который придаёт выпечке особую нежность и чуть карамельный аромат. Подходит для утреннего чаепития, перекуса или в качестве мягкой основы для бутербродов. Выпечено без искусственных добавок и улучшителей — только натуральные ингредиенты.",0,2025-06-13 10:51:09,Хлеб и выпечка#Хлеб и выпечка из нашей пекарни#Хлеб,4.6,752,https://img.vkusvill.ru/pim/images/site_LargeWebP/7e5d236c-9e02-414a-a36c-acfc201e0bd8.webp?1740436803.2679,bretsel-briosh-so-sladkim-batatom-pekarnya-108320.html
https://vkusvill.ru/goods/izdelie-kh-b-borodino-pekarnya-29297.html,Изделие х/б «Бородино». Пекарня,0.464,0.025918762088974857,250.0,116.0,258.5,6.7,2.2,53.0,"мука пшеничная 1 сорт, вода питьевая, масло подсолнечное рафинированное дезодорированное, мука ржаная обдирная, заварка ржаная (вода питьевая, солод ржанойферментированный, мука ржаная обдирная), закваска пшеничная (мука пшеничная высший сорт, вода питьевая), сахар песок, квасное сусло, соль экстра, дрожжи пресованные хлебопекарные, кориандр зерно. Продукция производится на предприятии, где используются орехи, кунжут, яйца.Товар от производителейАктуальные данные указаны на этикетке. Цена может отличаться в зависимости от региона или формата точки продажи (вендинг, микромаркет).Информация на этикетке может незначительно отличаться","Мы заботливо испекли этот ароматный хлеб по лучшему классическому рецепту. Из пшеничной и ржаной муки на дрожжах и закваске. Для сладковатого привкуса добавили квасное сусло, а для пряности душистый кориандр. У хлеба упругий нежный мякиш с аппетитной кислинкой во вкусе и в меру поджаристая корочка.",0,2025-06-13 10:51:12,Хлеб и выпечка#Хлеб и выпечка из нашей пекарни#Хлеб,4.9,4841,https://img.vkusvill.ru/pim/images/site_LargeWebP/5db355ce-1ce8-4ebb-8516-385617d16ee7.webp?1728736362.7178,izdelie-kh-b-borodino-pekarnya-29297.html
https://vkusvill.ru/goods/khleb-grechishnyy-bez-dob-sakhara-pekarnya-57382.html,"Хлеб «Гречишный» без доб. сахара, пекарня",0.43333333333333335,0.02585792174470815,300.0,130.0,249.44,6.45,7.2,39.71,"Мука хлебопекарная пшеничная высший сорт, мука гречневая цельнозерновая, вода питьевая, масло подсолнечное рафинированное, дрожжи хлебопекарные прессованные, соль пищевая. Продукция производится на предприятии, где используются кунжут, арахис, миндаль, молоко(лактоза), яйца.Товар от производителейАктуальные данные указаны на этикетке. Цена может отличаться в зависимости от региона или формата точки продажи (вендинг, микромаркет).Информация на этикетке может незначительно отличаться","Пышный, с нежным мякишем и золотистой корочкой хлеб из пшеничной и цельнозерновой гречневой муки, на дрожжах. Классический, чуть сливочный привкус и тёплый аромат обжаренных зёрен. Такой хлеб тонко подчеркнёт вкус первых и вторых блюд. Идеально подходит для бутербродов, тостов, гренков или домашних сухариков.",0,2025-06-13 10:51:09,Хлеб и выпечка#Хлеб и выпечка из нашей пекарни#Хлеб,4.9,5971,https://img.vkusvill.ru/pim/images/site_LargeWebP/691c17dd-3878-456d-bc61-e4a088bbda23.webp?1719770025.2774,khleb-grechishnyy-bez-dob-sakhara-pekarnya-57382.html
https://vkusvill.ru/goods/vengerskaya-vatrushka-s-tvorogom-i-tsedroy-limona-pekarnya-69539.html,Венгерская ватрушка с творогом и цедрой лимона. Пекарня,1.975,0.025795356835769563,80.0,158.0,348.9,9.0,22.9,26.7,"мука пшеничная хлебопекарная высший сорт, творог м.д.ж. 9% (молоко цельное, молоко обезжиренное, молоко сухое обезжиренное, закваска, ферментный препарат, уплотнитель - хлорид кальция), масло сладко-сливочное несоленое м.д.ж. 82,5%, сахар, меланж яичный жидкий пастеризованный, молоко питьевое ультрапастеризованное м.д.ж. 3,2%, , вода питьевая, сметана м.д.ж. 15% (сливки нормализованные, закваска), пудра сахарная (сахар), соль пищевая, кукурузный крахмал, дрожжи прессованные хлебопекарные, цедра лимона. Продукция производится на предприятии, где используются аллергены: кунжут, орехи.Товар от производителейАктуальные данные указаны на этикетке. Цена может отличаться в зависимости от региона или формата точки продажи (вендинг, микромаркет).Информация на этикетке может незначительно отличаться","Классическая булочка-конверт небольшого размера, выпеченная из слоёного теста и щедро начинённая свежим творогом. Обладает мягким сливочным вкусом с пряными нотками лимонной цедры. Идеально подходит для завтрака и перекуса.",0,2025-06-13 10:51:09,Выпекаем сами#Сладкая выпечка,4.9,7004,https://img.vkusvill.ru/pim/images/site_LargeWebP/9259f55d-a9e5-48ab-858b-a1c2b3f7bd32.webp?1722414864.9641,vengerskaya-vatrushka-s-tvorogom-i-tsedroy-limona-pekarnya-69539.html
https://vkusvill.ru/goods/izdelie-kh-b-toskanskiy-pekarnya-108945.html,Изделие х/б «Тосканский». Пекарня,0.6625,0.02503961965134707,240.0,159.0,315.5,7.9,3.9,62.2,"мука пшеничная хлебопекарная высшего сорта, мука пшеничная цельнозерновая, пшеничная закваска (вода питьевая, мука пшеничная хлебопекарная высшего сорта), масло оливковое нерафинированное, базилик сушеный, орегано сушеное, чеснок сушеный молотый, лук репчатый сушеный, томатные хлопья (томаты сушеные, кукурузный крахмал), вода питьевая, дрожжи хлебопекарные прессованные, соль пищевая, сахар.  Продукция производится на предприятии, где используются аллергены: арахис, кунжут, молоко (лактоза), орехи, яйца.","Хлеб «Тосканский» из пекарни — ароматный и пряный, с хрустящей корочкой и ярким средиземноморским вкусом. В составе пшеничная и цельнозерновая мука, оливковое масло, томаты, базилик, орегано и чеснок — всё, что напоминает о южном солнце и тёплых трапезах. Тесто на закваске, благодаря чему мякиш получается пышным, а вкус — насыщенным и слегка кисловатым. Отлично подойдёт к сырам, супам, оливковому маслу или просто в качестве вкусного хлеба.",0,2025-06-13 10:51:12,Хлеб и выпечка#Хлеб и выпечка из нашей пекарни#Хлеб,4.8,1350,https://img.vkusvill.ru/pim/images/site_LargeWebP/f9fb3fb4-560e-4d61-89e9-bf1c78e5c227.webp?1741735159.4277,izdelie-kh-b-toskanskiy-pekarnya-108945.html
https://vkusvill.ru/goods/izdelie-kh-b-alpiyskiy-pekarnya-109745.html,Изделие х/б «Альпийский». Пекарня,0.3625,0.024760647078243648,400.0,145.0,302.9,7.5,4.5,58.1,"мука пшеничная хлебопекарная высшего сорта, мука пшеничная цельнозерновая, мука ржаная хлебопекарная обдирная, пшеничная закваска (вода питьевая, мука пшеничная хлебопекарная высшего сорта), отруби пшеничные, масло подсолнечное рафинированное, вода питьевая, дрожжи хлебопекарные прессованные, соль пищевая, сахар.  Продукция производится на предприятии, где используются аллергены: арахис, кунжут, молоко (лактоза), орехи, яйца.","Традиционное хлебное изделие с добавлением цельнозерновой и ржаной муки. Обладает мягкой текстурой с лёгкой кислинкой пшеничной закваски и приятным ароматом свежей выпечки. Крупные поры слегка влажного мякиша образуются благодаря дрожжам и закваске и придают хлебу лёгкость. Мука из пшеницы и ржи создаёт сбалансированный вкус. Такой хлеб хорошо подходит как для тостов на завтрак в сочетании со сливочным маслом и джемом, так и для сытных бутербродов на перекус. А хрустящая корочка делает его ещё аппетитнее.",0,2025-06-13 10:51:08,Хлеб и выпечка#Хлеб и выпечка из нашей пекарни#Хлеб,4.8,1335,https://img.vkusvill.ru/pim/images/site_LargeWebP/74c0259f-0165-4eb4-9e0d-c44d602ae27c.webp?1743794677.5022,izdelie-kh-b-alpiyskiy-pekarnya-109745.html
https://vkusvill.ru/goods/izdelie-kh-b-tostovyy-briosh-pekarnya-50495.html,"Изделие х/б тостовый «Бриошь», Пекарня",0.464,0.024294156270518712,250.0,116.0,304.6,7.4,8.2,50.3,"мука пшеничная хлебопекарная высшего сорта, вода питьевая, масло подсолнечное рафинированное дезодорированное, масло сливочное м.д.ж.82.5% (пастеризованные сливки из коровьего молока), сахар, яйцо куриное пищевое, дрожжи хлебопекарные прессованные, соль пищевая.Продукция производится на предприятии, где используются кунжут, орех, соя, молоко (лактоза), яйцо.Товар от производителейАктуальные данные указаны на этикетке. Цена может отличаться в зависимости от региона или формата точки продажи (вендинг, микромаркет).Информация на этикетке может незначительно отличаться","Идеально пропечённая, мягкая бриошь из сдобного теста на пшеничной муке. Из неё получаются румяные тосты, ароматные французские гренки с золотистой корочкой и сочные сэндвичи с разнообразными начинками.",0,2025-06-13 10:51:11,Хлеб и выпечка#Хлеб и выпечка из нашей пекарни#Хлеб,4.8,3151,https://img.vkusvill.ru/pim/images/site_LargeWebP/c82b3b61-1290-4264-ad4e-60940170ac30.webp?1716798800.9454,izdelie-kh-b-tostovyy-briosh-pekarnya-50495.html
https://vkusvill.ru/goods/baget-pshenichnyy-s-chesnokom-170-g-pekarnya-89931.html,"Багет пшеничный с чесноком, 170 г. Пекарня",0.6294117647058823,0.022684310018903593,170.0,107.0,264.5,6.0,8.5,41.0,"мука пшеничная хлебопекарная высшего сорта, вода питьевая, масло сливочное м.д.ж. 72,5% (сливки пастеризованные из коровьего молока), соль пищевая, дрожжи хлебопекарные прессованные, чеснок сушеный, петрушка сушеная. Продукция производится на предприятии, где используются аллергены: арахис, кунжут, орехи, яйца.","Ароматный багет ручной работы, выпеченный в нашей пекарне. С воздушным сливочно-нежным мякишем, пикантной чесночной ноткой и хрусткой корочкой. Не крошится под ножом, подходит для брускетт, бутербродов и к лёгким супам. Прекрасно сочетается с мясными деликатесами, сочными овощами и различными намазками: хумусом, риетами, паштетами.",0,2025-06-13 10:51:09,Хлеб и выпечка#Хлеб и выпечка из нашей пекарни#Хлеб,4.9,10621,https://img.vkusvill.ru/pim/images/site_LargeWebP/9f8bd43e-de16-4c98-a4bf-ece69e7cc459.webp?1710471964.6543,baget-pshenichnyy-s-chesnokom-170-g-pekarnya-89931.html
https://vkusvill.ru/goods/ulitka-s-makom-pekarnya-57974.html,Улитка с маком. Пекарня,1.7647058823529411,0.021851638872915465,85.0,150.0,347.8,7.6,19.0,36.6,"мука пшеничная хлебопекарная высшего сорта, масло сливочное несоленое м.д.ж. 82,5% (сливки пастеризованные из коровьего молока), молоко коровье пастеризованное м.д.ж. 3,2%, сахар, мак пищевой, крахмал картофельный, меланж яичный пастеризованный, желток яичный пастеризованный, дрожжи хлебопекарные прессованные, крахмал кукурузный, соль пищевая.Товар от производителейАктуальные данные указаны на этикетке. Цена может отличаться в зависимости от региона или формата точки продажи (вендинг, микромаркет).Информация на этикетке может незначительно отличаться","Пышная, идеально пропечённая улитка из слоёного теста с начинкой из сладкой маковой пасты. Нежная и воздушная, она хороша и на десерт, и в качестве сытного перекуса для сладкоежек. Отлично сочетается со сливочным сыром, ароматным топлёным маслом или йогуртом. Выпечена в нашей пекарне.",0,2025-06-13 10:51:10,Хлеб и выпечка#Хлеб и выпечка из нашей пекарни#Сладкая выпечка,4.8,2691,https://img.vkusvill.ru/pim/images/site_LargeWebP/389ea72f-5794-4207-a348-3d854c83bd0d.webp?1733340712.7269,ulitka-s-makom-pekarnya-57974.html
https://vkusvill.ru/goods/baget-rzhanoy-s-chesnokom-180-g-pekarnya-50715.html,"Багет ржаной с чесноком, 180 г. Пекарня",0.5944444444444444,0.021666666666666667,180.0,107.0,300.0,6.5,14.0,45.1,"мука пшеничная хлебопекарная высшего сорта, вода питьевая, мука ржаная обдирная, масло сливочноем.д.ж. 72,5% (пастеризованные сливки из коровьего молока), соль пищевая молотая, дрожжи прессованные хлебопекарные, чеснок сушеный, петрушка сушеная. Продукция производится на предприятии, где используются кунжут, арахис, миндаль, молоко(лактоза),яйца.Товар от производителейАктуальные данные указаны на этикетке. Цена может отличаться в зависимости от региона или формата точки продажи (вендинг, микромаркет).Информация на этикетке может незначительно отличаться","Багет с хрустящей корочкой, выпеченный в нашей пекарне. Приготовленный из пшеничной и обдирной ржаной муки, он впечатляет насыщенностью и ароматом. А «начинка» из сливочного масла с чесноком и зеленью привносит аппетитную пикантность. На поверхности багета может оставаться немного муки, которой присыпают формы для выпечки, однако она незаметна во вкусе. Багет отлично подходит к первым блюдам и для аппетитных бутербродов. Прекрасно сочетается с различными намазками: хумусом, риетами и паштетами, а также спелыми овощами и мясными деликатесами.",0,2025-06-13 10:51:09,Хлеб и выпечка#Хлеб и выпечка из нашей пекарни#Хлеб,4.9,7276,https://img.vkusvill.ru/pim/images/site_LargeWebP/bdba55c0-8ab2-409b-930c-44e7916eeac0.webp?1713536188.2223,baget-rzhanoy-s-chesnokom-180-g-pekarnya-50715.html
https://vkusvill.ru/goods/pirog-s-yablokami-pekarnya-80125.html,Пирог с яблоками. Пекарня,1.0204081632653061,0.02127659574468085,245.0,250.0,188.0,4.0,4.8,32.2,"тесто (мука пшеничная хлебопекарная высшего сорта, сахар, молоко пастеризованное м.д.ж. 3,2%, вода питьевая, яйцо куриное пищевое, масло сливочное м.д.ж. 82,5% (сливки пастеризованные), дрожжи хлебопекарные сухие, соль пищевая), начинка (яблоко свежее, крахмал кукурузный, регулятор кислотности - лимонная кислота).Товар от производителейАктуальные данные указаны на этикетке. Цена может отличаться в зависимости от региона или формата точки продажи (вендинг, микромаркет).Информация на этикетке может незначительно отличаться","Нежное тесто и ароматная начинка из спелых яблок. Тонкая сладость и едва заметная фруктовая кислинка. Этот румяный мини-пирог сделает чаепитие уютным, а завтрак — особенным.",0,2025-06-13 14:45:08,"Готовая еда#Пироги, пирожки и лепёшки",4.8,888,https://img.vkusvill.ru/pim/images/site_LargeWebP/49cb6b2e-08b5-44e9-9a3d-056b476ffea0.webp?1744131166.3813,pirog-s-yablokami-pekarnya-80125.html
https://vkusvill.ru/goods/vengerskaya-vatrushka-s-tvorogom-i-vishney-pekarnya-110812.html,Венгерская ватрушка с творогом и вишней. Пекарня,2.075,0.02063106796116505,80.0,166.0,412.0,8.5,20.8,47.7,"Мука пшеничная хлебопекарная высшего сорта, творог м.д.ж. 9% (молоко цельное, молоко обезжиренное, молоко сухое обезжиренное, закваска, ферментный препарат животного происхождения, уплотнитель - хлорид кальция), масло сладко-сливочное несоленое м.д.ж. 82,5%, сахар, вишня быстрозамороженная, вода питьевая, молоко питьевое ультрапастеризованное м.д.ж. 3,2%, миндальные лепестки, меланж яичный жидкий пастеризованный, яйцо куриное пищевое, соль пищевая, дрожжи хлебопекарные сухие, экстракт ванили. Продукция производится на предприятии, где используются кунжут, арахис, миндаль, молоко(лактоза), яйца.","Слоёное тесто с хрустящей корочкой сложено аккуратным конвертиком. А внутри — дуэт из мягкого творога и кисло-сладкой вишни с её яркой кислинкой и сочностью. Контраст между нежным творогом и насыщенной ягодной начинкой делает вкус выразительным, но сбалансированным. Поверхность ватрушки украшена небольшим количеством миндальных лепестков. Подходит для завтрака с чаем или кофе, а также как десерт на перекус. Лучше всего пробовать слегка тёплой — так лучше раскроется вкус.",0,2025-06-13 10:51:11,Выпекаем сами#Сладкая выпечка,4.6,694,https://img.vkusvill.ru/pim/images/site/site_LargeWebP/ccf7ce5c-74e1-490d-b6d1-61af51329d7e.webp,vengerskaya-vatrushka-s-tvorogom-i-vishney-pekarnya-110812.html
https://vkusvill.ru/goods/kombo-kapuchino-0-4-i-kruassan-mindalnyy-iz-pekarni-kafe-72730.html,"Комбо капучино 0,4 и круассан миндальный из пекарни, кафе",0.7741935483870968,0.0205188679245283,465.0,360.0,508.8,10.44,30.78,47.57,"Капучино: Молоко ультрапастеризованное 3,2%(молоко цельное, молоко обезжиренное), вода питьевая, кофе жареный Арабика. Круассан миндальный: мука пшеничная хлебопекарная высшего сорта, масло сладко-сливочное несоленое м.д.ж. 82 %, вода питьевая, молоко питьевое ультрапастеризованное м.д.ж. 3,2%, сахар, соль пищевая, дрожжи хлебопекарные прессованные, крем миндальный (мука миндальная, масло сладко-сливочное несоленое м.д.ж. 82 %, сахар, яйцо куриное пищевое, мука пшеничная хлебопекарная высшего сорта), лепесток миндальный (ядра ореха миндаля), пудра сахарная. Продукция производится на предприятии, где используются кунжут, орех, соя, молоко (лактоза), яйцо.Товар от производителейАктуальные данные указаны на этикетке. Цена может отличаться в зависимости от региона или формата точки продажи (вендинг, микромаркет).Информация на этикетке может незначительно отличаться","Два безусловных хита в одном комбо: ароматный капучино из бленда арабики и робусты и изысканный круассан с миндальными лепестками и миндальным кремом. По вашему желанию дополним напиток сиропом или топингом — просто сообщите о выборе продавцу на кассе или в комментарии к заказу. Товар доступен с доставкой и в магазинах с зоной кафе. Доступные сиропы и топинги: • Сироп (ваниль, карамель, кокос или миндаль) — бесплатно • Апельсиновая паста (15 г) — 30 рублей • Кленовый сироп (20 мл) — 70 рублей • Топинг «Солёная карамель» (20 г) — 30 рублей • Сироп «Роза» (20 мл) — 30 рублей • Сироп «Булочка с корицей» (20 мл) — 20 рублей • Сироп «Попкорн» (20 мл) — 20 рублей • Сироп «Фисташка» (20 мл) — 20 рублей",0,2025-06-13 14:45:07,Кафе#Выпечка кафе,4.8,489,https://img.vkusvill.ru/pim/images/site_LargeWebP/1aa2b86c-7b1e-43e1-82de-ba121216fdba.webp?1730453636.1824,kombo-kapuchino-0-4-i-kruassan-mindalnyy-iz-pekarni-kafe-72730.html
https://vkusvill.ru/goods/kruassan-klassicheskiy-60-g-pekarnya-49975.html,"Круассан классический, 60 г. Пекарня",1.9166666666666667,0.01990352643656629,60.0,115.0,427.06,8.5,18.34,57.0,"Мука пшеничная хлебопекарная высшего сорта, молоко  коровье пастеризованное м.д.ж. 3,2 %, масло сладко-сливочное несолёное м. д. ж. 82,5 %, (сливки пастеризованные из коровьего молока), сахар, дрожжи  хлебопекарные прессованные, соль пищевая поваренная. Продукция производится на предприятии, где используются кунжут, арахис, миндаль, молоко(лактоза),яйца.Товар от производителейДанный товар поставляют несколько производителей, внешний вид и характеристики могут незначительно отличаться. Актуальные данные указаны на этикетке. Цена может отличаться в зависимости от региона или формата точки продажи (вендинг, микромаркет).Информация на этикетке может незначительно отличаться","Рогалик из слоёного теста, изготовленный на сливочном масле по традиционному французскому рецепту. Имеет румяную хрустящую корочку и воздушную пористую мякоть. Круассан идеально подходит для завтрака. А чтобы он стал более сытным, выпечку можно подавать с различными сладкими и несладкими топпингами",0,2025-06-13 10:51:11,Хлеб и выпечка#Хлеб и выпечка из нашей пекарни#Сладкая выпечка,4.8,4386,https://img.vkusvill.ru/pim/images/site_LargeWebP/f8819811-eaca-455c-8aeb-e2b95ddd57d6.webp?1713539686.9989,kruassan-klassicheskiy-60-g-pekarnya-49975.html
https://vkusvill.ru/goods/ulitka-s-izyumom-pekarnya-50769.html,"Улитка с изюмом, Пекарня",1.7647058823529411,0.01930195663670016,85.0,150.0,378.2,7.3,17.0,49.0,"Мука пшеничная хлебопекарная высший сорт, масло сладко-сливочное несолёное м.д.ж. 82,5% (пастеризованные сливки из коровьего молока), виноград сушеный (изюм) ,сахар тростниковый, сахар, дрожжи хлебопекарные прессованные, соль пищевая, корица молотая, экстракт ванили. Продукция производится на предприятии, где используются аллергены: кунжут, молоко (лактоза), яйца.Товар от производителейАктуальные данные указаны на этикетке. Цена может отличаться в зависимости от региона или формата точки продажи (вендинг, микромаркет).Информация на этикетке может незначительно отличаться","Беспроигрышное сочетание слоёного теста и сладкого изюма, дополненное экстрактом ванили и пряной корицей. Улитка отлично подойдёт для лёгкого завтрака и сладкого перекуса. А если подержать её несколько секунд в микроволновке перед употреблением, вкус станет ещё насыщеннее. Выпекается прямо в магазине.",0,2025-06-13 10:51:10,Хлеб и выпечка#Хлеб и выпечка из нашей пекарни#Сладкая выпечка,4.8,3784,https://img.vkusvill.ru/pim/images/site_LargeWebP/a33edc1a-fb97-46e6-a660-2f9296be059d.webp?1719183028.4157,ulitka-s-izyumom-pekarnya-50769.html
https://vkusvill.ru/goods/vengerskaya-vatrushka-s-tvorogom-i-yablokom-pekarnya-110814.html,Венгерская ватрушка с творогом и яблоком. Пекарня,1.975,0.01823985408116735,80.0,158.0,438.6,8.0,21.8,52.6,"Мука пшеничная хлебопекарная высшего сорта, яблоко быстрозамороженное, масло сладко-сливочное несоленое м.д.ж. 82,5%, сахар, творог м.д.ж. 9% (молоко цельное, молоко обезжиренное, молоко сухое обезжиренное, закваска, ферментный препарат животного происхождения, уплотнитель - хлорид кальция), вода питьевая, молоко питьевое ультрапастеризованное м.д.ж. 3,2%, меланж яичный жидкий пастеризованный, яйцо куриное пищевое, масло подсолнечное рафинированное дезодорированное, соль пищевая, дрожжи хлебопекарные сухие, корица молотая, экстракт ванили. Продукция производится на предприятии, где используются кунжут, арахис, миндаль, молоко(лактоза), яйца.","Слоёное тесто с хрустящей корочкой скрывает нежный творожный слой и пюре с кусочками яблок. Яблочная начинка сохраняет приятную кислинку, а корица и ваниль добавляют мягкие пряные нотки, напоминающие о свежей выпечке из печи. Творог здесь не доминирует, а скорее создает кремовую основу для яркого яблочного вкуса. Особенно вкусна слегка подогретой — тогда аромат яблок раскрывается ещё ярче.",0,2025-06-13 10:51:09,Выпекаем сами#Сладкая выпечка,4.8,604,https://img.vkusvill.ru/pim/images/site/site_LargeWebP/10742536-ca15-438c-a0e6-c3c70961e8a9.webp,vengerskaya-vatrushka-s-tvorogom-i-yablokom-pekarnya-110814.html
https://vkusvill.ru/goods/ulitka-mindalnaya-s-vishney-pekarnya-57962.html,Улитка миндальная с вишней. Пекарня,1.4461538461538461,0.017651052274270197,130.0,188.0,294.6,5.2,18.6,26.6,"Мука пшеничная хлебопекарная в/с, масло сладко-сливочное несоленое м.д.ж.82,5% (сливки пастеризованные), вода питьевая, молоко питьевое  м.д.ж.3,2 %, сахар, миндальная мука, миндальные лепестки, яйцо куриное пищевое, вишня  замороженная , дрожжи прессованные хлебопекарные, соль пищевая.Товар от производителейАктуальные данные указаны на этикетке. Цена может отличаться в зависимости от региона или формата точки продажи (вендинг, микромаркет).Информация на этикетке может незначительно отличаться","Изысканное сочетание слоёного теста, ягод вишни и миндальных лепестков. Улитка отлично подойдёт для лёгкого завтрака и сладкого перекуса. А если подержать её несколько секунд в микроволновке перед употреблением, вкус станет ещё насыщеннее.",0,2025-06-13 10:51:09,Хлеб и выпечка#Хлеб и выпечка из нашей пекарни#Сладкая выпечка,4.8,2468,https://img.vkusvill.ru/pim/images/site_LargeWebP/adf44b09-b941-4a63-9e7f-4ca63bd3c253.webp?1719090793.93,ulitka-mindalnaya-s-vishney-pekarnya-57962.html
https://vkusvill.ru/goods/shokoladnyy-kruassan-pekarnya-101567.html,Шоколадный круассан. Пекарня,2.953846153846154,0.017435897435897435,65.0,192.0,390.0,6.8,20.8,43.9,"тесто (мука пшеничная хлебопекарная высшего сорта, вода питьевая, молоко питьевое м.д.ж. 3.2%, масло сладко-сливочное несоленое м.д.ж. 82%), начинка (сливки питьевые м.д.ж. 33%, шоколад темный  (сахар, масло какао, сухое цельное молоко, какао тертое, эмульгатор-лецитины (соевый), натуральный ароматизатор - ваниль), шоколад молочный (сахар, масло какао, сухое цельное молоко, какао тертое, эмульгатор - лецитины (соевый), натуральный ароматизатор - ваниль), масло какао, масло сладко-сливочное несолёное  «Крестьянское» м.д.ж. 72,5% ), сахар, какао-порошок, меланж яичный пастеризованный, дрожжи прессованные хлебопекарные, соль пищевая).  Продукция производится на предприятии, где используются аллергены: арахис, кунжут, орехи.","Как и все наши круассаны, этот приготовлен на сливочном масле. Поэтому он такой воздушный, пористый и нежный по вкусу. А ещё он вдвойне шоколадный: мы добавили в тесто ароматное какао, а в начинку — лёгкий и текучий шоколадный крем.",0,2025-06-13 10:51:12,Хлеб и выпечка#Хлеб и выпечка из нашей пекарни#Сладкая выпечка,4.8,883,https://img.vkusvill.ru/pim/images/site_LargeWebP/7d07b3f9-694e-4a37-aa8d-30286e6333dc.webp?1727295958.0588,shokoladnyy-kruassan-pekarnya-101567.html
https://vkusvill.ru/goods/batard-chesnochnyy-pekarnya-71676.html,"Батард чесночный, пекарня",0.89,0.017432208079690096,200.0,178.0,361.4,6.3,16.6,46.7,"Мука пшеничная хлебопекарная высшего сорта, вода питьевая, закваска пшеничная (вода питьевая, мука пшеничная хлебопекарная высшего сорта), молоко питьевое ультрапастеризованное м.д.ж. 3,2%, мука пшеничная цельнозерновая, масло сладко-сливочное несоленое м.д.ж. 82,5%, чеснок свежий, патока крахмальная карамельная кислотная, петрушка свежая (зелень), укроп свежий (зелень), дрожжи прессованные хлебопекарные, соль пищеваяТовар от производителейАктуальные данные указаны на этикетке. Цена может отличаться в зависимости от региона или формата точки продажи (вендинг, микромаркет).Информация на этикетке может незначительно отличаться","Воздушный пшеничный хлеб, начинённый сливочным маслом с чесноком и свежей зеленью. Батард отличается насыщенной пикантностью — она выражена сильнее, чем у чесночного багета из нашей пекарни. Идеально дополнит первые блюда и станет аппетитной основой для сытных бутербродов.",0,2025-06-13 10:51:11,Хлеб и выпечка#Хлеб и выпечка из нашей пекарни#Хлеб,4.8,1330,https://img.vkusvill.ru/pim/images/site_LargeWebP/f4f93c8d-5540-41c8-9ca1-1dcf837df496.webp?1716798448.1394,batard-chesnochnyy-pekarnya-71676.html
https://vkusvill.ru/goods/kruassan-tselnozernovoy-pekarnya-68348.html,Круассан цельнозерновой. Пекарня,2.3636363636363638,0.016397642838841917,55.0,130.0,390.3,6.4,24.7,35.6,"Мука пшеничная хлебопекарная высшего сорта, мука пшеничная цельнозерновая, молоко ультрапастеризованное м.д.ж. 3,2%, масло сливочное м.д.ж. 82,5%, семена подсолнечника, семена льна, семена кунжута, мак пищевой, солодовый экстракт (ячменный солод, вода питьевая), сахар, дрожжи прессованные хлебопекарные, соль пищевая, меланж яичный пастеризованный.  Продукция производится на предприятии, где используются кунжут, арахис, миндаль, молоко(лактоза), яйца. Продукт готов к употреблению.Товар от производителейДанный товар поставляют несколько производителей, внешний вид и характеристики могут незначительно отличаться. Актуальные данные указаны на этикетке. Цена может отличаться в зависимости от региона или формата точки продажи (вендинг, микромаркет).Информация на этикетке может незначительно отличаться","Пышный франццузский рогалик с тонкой хрустящей корочкой, выпеченный с добавлением пшеничных отрубей и ферментированного ржаного солода. Круассан хорош как сам по себе, так и в сочетании с различными начинками: омлетом, авокадо, слабосолёным лососем и сливочной моцареллой.",0,2025-06-13 10:51:09,Хлеб и выпечка#Хлеб и выпечка из нашей пекарни#Сладкая выпечка,4.9,3726,https://img.vkusvill.ru/pim/images/site_LargeWebP/26509f62-ef99-464c-86dd-81d1ff79fd64.webp?1713541525.6224,kruassan-tselnozernovoy-pekarnya-68348.html
https://vkusvill.ru/goods/ulitka-mindalnaya-s-chyernoy-smorodinoy-pekarnya-105098.html,Улитка миндальная с чёрной смородиной. Пекарня,1.4461538461538461,0.01606323304436512,130.0,188.0,392.2,6.3,23.0,40.1,"тесто (мука пшеничная хлебопекарная высшего сорта, вода питьевая, молоко коровье ультрапастеризованное м.д.ж. 3,2 %, масло сладко-сливочное несоленое м.д.ж. 82,5%, сахар, дрожжи хлебопекарные прессованные, соль пищевая), начинка (мука миндальная, масло сладко-сливочное несоленое м.д.ж. 82,5 %, яйцо куриное пищевое, лепестки миндальные, черная смородина быстрозамороженная, сахар, загустители (крахмал кукурузный модифицированный, камедь рожкового дерева), антиокислитель- аскорбиновая кислота), лепестки миндальные. Продукция производится на предприятии, где используются аллергены: арахис, кунжут.","Свежее прочтение рецепта вашей любимой выпечки, соединившее в себе форму слоёной улитки и наполнение миндального круассана. Чтобы получилось безукоризненно вкусно, сделали выпечку идеальной во всех аспектах. Воздушное тесто испекли на сливочном масле так, чтобы оно получилось хрустящим внутри и нежным снаружи. А для начинки выбрали ореховую пасту с чёрносмородиновым пюре — для ярких ягодных нюансов во вкусе. Дополнительно украсили лакомство шапочкой миндальных лепестков. Такая улитка не только украсит чаепитие, но и сделать чуточку ярче даже самый пасмурный день!",0,2025-06-13 10:51:10,Хлеб и выпечка#Хлеб и выпечка из нашей пекарни#Сладкая выпечка,4.8,1664,https://img.vkusvill.ru/pim/images/site_LargeWebP/38b43fa8-c9f7-495b-9f85-de1863be9937.webp?1732913369.3142,ulitka-mindalnaya-s-chyernoy-smorodinoy-pekarnya-105098.html
https://vkusvill.ru/goods/vertuta-s-yablokom-i-koritsey-pekarnya-101561.html,Вертута с яблоком и корицей. Пекарня,1.2692307692307692,0.01579140653690782,130.0,165.0,272.3,4.3,5.1,52.3,"тесто (мука пшеничная хлебопекарная высшего сорта, вода питьевая, масло подсолнечное рафинированное дезодорированное, сахар, меланж яичный жидкий пастеризованный, соль пищевая, дрожжи хлебопекарные прессованные), начинка (яблоко быстрозамороженное, сахар, крахмал картофельный, корица молотая). Продукция производится на предприятии, где используются аллергены: арахис, кунжут, молоко (лактоза), орехи.","Традиционный молдавский пирог-улитка с ароматной начинкой из спелых яблок и душистой корицы. Главная особенность этой выпечки — тесто. Оно раскатывается и вытягивается в толщину бумажного листа, поэтому получается таким нежным и удивительно тонким. Перед подачей выпечку можно не греть. Однако если всё же подержать её в микроволновке несколько секунд, тепло разбудит коричный аромат и сделает лакомство ещё аппетитнее.",0,2025-06-13 10:51:11,Хлеб и выпечка#Хлеб и выпечка из нашей пекарни#Сладкая выпечка,4.7,2434,https://img.vkusvill.ru/pim/images/site_LargeWebP/9ef076b5-60e8-4957-bbfe-2371dee82aeb.webp?1727393725.5231,vertuta-s-yablokom-i-koritsey-pekarnya-101561.html
https://vkusvill.ru/goods/ulitka-mindalnaya-s-malinoy-i-brusnikoy-pekarnya-105101.html,Улитка миндальная с малиной и брусникой. Пекарня,1.4461538461538461,0.014824797843665768,130.0,188.0,371.0,5.5,21.6,38.8,"тесто (мука пшеничная хлебопекарная высшего сорта, вода питьевая, молоко коровье ультрапастеризованное м.д.ж.3,2%, масло сладко-сливочное несоленое м.д.ж. 82,5 %, сахар, дрожжи хлебопекарные прессованные, соль пищевая), начинка (малина быстрозамороженная, брусника быстрозамороженная, сахар, сок лимона концентрированный), крем миндальный (масло сладко-сливочное м.д.ж. 82, 5%,  мука миндальная, сахар, яйцо куриное пищевое), миндальные лепестки.  Продукция производится на предприятии, где используются аллергены: арахис, кунжут.","Свежее прочтение рецепта вашей любимой выпечки, соединившее в себе форму слоёной улитки и наполнение миндального круассана. Чтобы получилось безукоризненно вкусно, сделали выпечку идеальной во всех аспектах. Воздушное тесто испекли на сливочном масле так, чтобы оно получилось хрустящим внутри и нежным снаружи. А для начинки выбрали ореховую пасту с малиново-брусничным пюре — для ярких ягодных нюансов во вкусе. Дополнительно украсили лакомство шапочкой миндальных лепестков. Такая улитка не только украсит чаепитие, но и сделать чуточку ярче даже самый пасмурный день!",0,2025-06-13 10:51:11,Хлеб и выпечка#Хлеб и выпечка из нашей пекарни#Сладкая выпечка,4.8,1526,https://img.vkusvill.ru/pim/images/site_LargeWebP/a9469593-d6a0-471c-8f2d-72c23982ce3e.webp?1732913243.5108,ulitka-mindalnaya-s-malinoy-i-brusnikoy-pekarnya-105101.html
https://vkusvill.ru/goods/vertuta-s-malinoy-pekarnya-106526.html,Вертута с малиной. Пекарня,1.72,0.014578408195429472,100.0,172.0,253.8,3.7,4.2,50.3,"мука пшеничная хлебопекарная высшего сорта, вода питьевая, малина замороженная, сахар, крахмал кукурузный, масло подсолнечное рафинированное дезодорированное, меланж яичный жидкий пастеризованный, соль пищевая, дрожжи хлебопекарные прессованные, регулятор кислотности - лимонная кислота.  Продукция производится на предприятии, где используются аллергены: арахис, кунжут, орехи.","Традиционный молдавский пирог-улитка с большим количеством начинки из душистой малины. Главная особенность этой выпечки — это тесто. Оно раскатывается и вытягивается в толщину бумажного листа. Поэтому тесто вертуты получается таким нежным и удивительно тонким. Перед подачей выпечку можно не греть. Однако если всё же подержать её в микроволновке несколько секунд, лакомство станет ещё аппетитнее.",0,2025-06-13 10:51:11,Хлеб и выпечка#Хлеб и выпечка из нашей пекарни#Сладкая выпечка,4.7,1881,https://img.vkusvill.ru/pim/images/site_LargeWebP/482eeb37-2eca-4e01-9167-d5e8119d2ee9.webp?1736888176.7777,vertuta-s-malinoy-pekarnya-106526.html
https://vkusvill.ru/goods/ulitka-s-shokoladom-pekarnya-73712.html,"Улитка с шоколадом, Пекарня",2.0,0.013976240391334731,85.0,170.0,429.3,6.0,27.7,39.0,"мука пшеничная хлебопекарная высшего сорта, масло сладко-сливочное несолёное м.д.ж. 82,5% (сливки пастеризованные из коровьего молока), шоколад (сахар, какао-масса, какао-масло, эмульгатор - лецитины (соевый)), сахар, дрожжи хлебопекарные прессованные, соль пищевая. Продукция производится на предприятии, где используются аллергены: орехи.Товар от производителейАктуальные данные указаны на этикетке. Цена может отличаться в зависимости от региона или формата точки продажи (вендинг, микромаркет).Информация на этикетке может незначительно отличаться","Воздушная, чуть хрустящая слоёная булочка, дополненная каплями тёмного шоколада. Идеальное дополнение к душистому чаю и свежесваренному кофе. Советуем совсем немного подогреть в СВЧ-печи — будет ещё нежнее и ароматнее.",0,2025-06-13 10:51:09,Хлеб и выпечка#Хлеб и выпечка из нашей пекарни#Сладкая выпечка,4.8,3645,https://img.vkusvill.ru/pim/images/site_LargeWebP/a84cc417-cd80-4940-85ae-7ee758caa8a0.webp?1719182957.5332,ulitka-s-shokoladom-pekarnya-73712.html
https://vkusvill.ru/goods/kruassan-so-slivochno-limonnym-kremom-pekarnya-101571.html,Круассан со сливочно-лимонным кремом. Пекарня,2.6615384615384614,0.013830285982184717,65.0,173.0,426.6,5.9,25.0,44.5,"тесто (мука пшеничная хлебопекарная высшего сорта, масло сладко-сливочное несоленое м.д.ж. 82% (сливки пастеризованные), вода питьевая, молоко питьевое м.д.ж. 3,2%, сахар, дрожжи хлебопекарные прессованные, соль пищевая), начинка (сливки питьевые стерилизованные м.д.ж. 33%, сахар, масло сладко-сливочное несоленое м.д.ж. 72,5% (сливки пастеризованные), пюре из лимона, крахмал кукурузный). Продукция производится на предприятии, где используются аллергены: арахис, кунжут, орехи, яйца.","Как и все наши круассаны, этот приготовлен на сливочном масле. Поэтому он такой воздушный, пористый и нежный по вкусу. А особенным его делает тающая текучая начинка, сотканная из шелковистых нот сливок и озорной лимонной кислинки.",0,2025-06-13 10:51:09,Хлеб и выпечка#Хлеб и выпечка из нашей пекарни#Сладкая выпечка,4.8,863,https://img.vkusvill.ru/pim/images/site_LargeWebP/3108ec7a-ca1a-4285-b01a-6b83e7d30bfc.webp?1727295689.1788,kruassan-so-slivochno-limonnym-kremom-pekarnya-101571.html
https://vkusvill.ru/goods/ulitka-s-limonom-pekarnya-57967.html,Улитка с лимоном. Пекарня,1.353846153846154,0.012622149837133551,130.0,176.0,245.6,3.1,10.4,34.9,"Мука пшеничная хлебопекарная в/с, масло сливочное сладко-сливочное несоленое м.д.ж. 82,5 % (сливки пастеризованные), вода питьевая, молоко питьевое м.д.ж.  3,2%, сахар, конфитюр лимонный (лимон свежий, вода питьевая, сахар, крахмал кукурузный, загуститель - пектины (яблочный), концентрат лимонного сока), дрожжи хлебопекарные прессованные, соль пищевая. Продукция производится на предприятии, где используются аллергены: орехи, яйца.Товар от производителейАктуальные данные указаны на этикетке. Цена может отличаться в зависимости от региона или формата точки продажи (вендинг, микромаркет).Информация на этикетке может незначительно отличаться","Испекли сегодня утром! Улитка из воздушного слоёного теста, дополненная сочным лимонным конфитюром. Чтобы она стала ещё вкуснее, рекомендуем перед употреблением разогреть её в микроволновке в течение нескольких секунд. Идеально для сладкого завтрака и перекуса.",0,2025-06-13 10:51:11,Хлеб и выпечка#Хлеб и выпечка из нашей пекарни#Сладкая выпечка,4.8,2736,https://img.vkusvill.ru/pim/images/site_LargeWebP/c5eae221-1fc9-4cc4-ae57-9640e1aa00ea.webp?1736270593.202,ulitka-s-limonom-pekarnya-57967.html
https://vkusvill.ru/goods/kruassan-mindalnyy-pekarnya-29295.html,Круассан миндальный. Пекарня,2.575,0.0,80.0,206.0,,,,,"мука пшеничная хлебопекарная высшего сорта, масло сладко-сливочное несоленое м.д.ж. 82 %, вода питьевая, молоко питьевое ультрапастеризованное м.д.ж. 3,2%, сахар, соль пищевая, дрожжи хлебопекарные прессованные, крем миндальный (мука миндальная, масло сладко-сливочное несоленое м.д.ж. 82 %, сахар, яйцо куриное пищевое, мука пшеничная хлебопекарная высшего сорта), лепесток миндальный (ядра ореха миндаля), пудра сахарная. Продукция производится на предприятии, где используются кунжут, орех, соя, молоко (лактоза), яйцо.Товар от производителейДанный товар поставляют несколько производителей, внешний вид и характеристики могут незначительно отличаться. Актуальные данные указаны на этикетке. Цена может отличаться в зависимости от региона или формата точки продажи (вендинг, микромаркет).Информация на этикетке может незначительно отличаться","Даже те, кто не любит сладкое, не в силах устоять перед этим круассаном. Воздушное тесто на сливочном масле, румяная хрустящая корочка и миндальная паста — вот что делает эту выпечку фаворитом среди наших покупателей. Такой десерт способен не только украсить чаепитие, но и сделать чуть ярче даже самый пасмурный день.",0,2025-06-13 10:51:08,Хлеб и выпечка#Хлеб и выпечка из нашей пекарни#Сладкая выпечка,4.8,3631,https://img.vkusvill.ru/pim/images/site_LargeWebP/bbd9901c-10f1-4f72-87a5-49ed7cfa80b4.webp?1713539848.2329,kruassan-mindalnyy-pekarnya-29295.html
https://vkusvill.ru/goods/plyushka-sdobnaya-s-makom-pekarnya-36747.html,Плюшка сдобная с маком. Пекарня,0.5351351351351351,0.0,185.0,99.0,,,,,"Мука пшеничная хлебопекарная высшего сорта, вода питьевая, сахар, начинка маковая (мак пищевой дробленный, сахар, патока, загуститель пектины), сахар, сухой яичный белок), масло подсолнечное рафинированное дезодорированное, глазурь для смазки хлебобулочных изделий (вода питьевая, масло растительное подсолнечное, белок растительный (гороховый), декстроза, мальтодекстрины, крахмал кукурузный), дрожжи хлебопекарные, молоко сухое обезжиренное, меланж яичный жидкий охлажденный пастеризованный, соль, экстракт ванили.Товар от производителейАктуальные данные указаны на этикетке. Цена может отличаться в зависимости от региона или формата точки продажи (вендинг, микромаркет).Информация на этикетке может незначительно отличаться","Мягкая сдобная булочка в форме сердца со сладковато-терпкой маковой начинкой. Выпекается прямо в магазине. Классика домашней выпечки, которая станет ещё вкуснее в паре со стаканом тёплого молока.",0,2025-06-13 10:51:09,Хлеб и выпечка#Хлеб и выпечка из нашей пекарни#Сладкая выпечка,4.8,3585,https://img.vkusvill.ru/pim/images/site_LargeWebP/2b16d078-0213-4837-a726-3e48a4b505c8.webp?1719090053.603,plyushka-sdobnaya-s-makom-pekarnya-36747.html
https://vkusvill.ru/goods/khachapuri-s-syrom-pekarnya-64964.html,Хачапури с сыром. Пекарня,1.3433333333333333,0.0,300.0,403.0,,,,,"Тесто (мука пшеничная хлебопекарная высший сорт, вода питьевая, молоко питьевое ультрапастеризованное м.д.ж 3,2%( молоко цельное, молоко обезжиренное), масло подсолнечное рафинированное дезодорированное, кефир м.д.ж 3,2% (молоко цельное, молоко обезжиренное, закваска на кефирных грибках), дрожжи хлебопекарные прессованные, сахар, соль пищевая), начинка ( сыр ""Сулугуни"" м.д.ж. 45% (коровье молоко, закваска (или бакко-концентрат), ферментный препарат, кальций хлористый, соль поваренная пищевая), творог м.д.ж. 18 % (молоко цельное, молоко обезжиренное, закваска молочнокислых м/о), сметана м.д.ж. 20% (сливки пастеризованные, закваска (молочнокислые микроорганизмы), сливки питьевые ультрапастеризованные м.д.ж. 33% (сливки нормализованные). Продукция производится на предприятии, где используются кунжут, орех, соя, молоко (лактоза), яйцо.Товар от производителейАктуальные данные указаны на этикетке. Цена может отличаться в зависимости от региона или формата точки продажи (вендинг, микромаркет).Информация на этикетке может незначительно отличаться","Румяная дрожжевая «лодочка» с аппетитной начинкой из сулугуни и творога. Советуем немного разогреть хачапури — так оно будет ещё вкуснее! А если у вас есть немного времени, можно разбить в серединку яйцо и отправить выпечку на несколько минут в духовку. Получится сытное хачапури по-аджарски!",0,2025-06-13 10:51:10,Хлеб и выпечка#Хлеб и выпечка из нашей пекарни#Сытная выпечка,4.6,751,https://img.vkusvill.ru/pim/images/site/site_LargeWebP/d597adf3-dbef-4a86-8335-3eb61c34928e.webp,khachapuri-s-syrom-pekarnya-64964.html
https://vkusvill.ru/goods/izdelie-kh-b-chiabatta-pshenichnaya-s-olivkami-pekarnya-62719.html,Изделие х/б «Чиабатта пшеничная с оливками». Пекарня,0.625,0.0,280.0,175.0,,,,,"Мука пшеничная хлебопекарная высшего сорта, вода питьевая, оливки зеленые без косточек (оливки, вода питьевая, соль пищевая, регуляторы кислотности (молочная кислота, лимонная кислота), антиокислитель - аскорбиновая кислота), молоко питьевое ультрапастеризованное м.д.ж. 3,2%, закваска пшеничная (мука пшеничная хлебопекарная высшего сорта, вода питьевая), масло оливковое нерафинированное, крупа манная, соль пищевая, чеснок свежий, орегано сушеное, дрожжи хлебопекарные прессованные, мука пшеничная хлебопекарная цельнозерновая, патока крахмальная карамельная кислотная, мука ржаная хлебопекарная обдирная.Товар от производителейАктуальные данные указаны на этикетке. Цена может отличаться в зависимости от региона или формата точки продажи (вендинг, микромаркет).Информация на этикетке может незначительно отличаться","Пышная, идеально пропечённая чиабатта по лучшему рецепту итальянских пекарей. Приготовлена на ароматном оливковом масле первого отжима. Ноздреватый упругий мякиш имеет чуть пряный вкус и сероватый оттенок — за счёт мелконарезанных сочных оливок. Аппетитно подрумяненная, с хрустящей корочкой, эта чиабатта идеально подходит для первых и вторых блюд. А ещё из неё получаются вкусные брускетты, сэндвичи, гренки и домашние сухарики.",0,2025-06-13 10:51:10,Выпекаем сами#Хлеб,4.7,1996,https://img.vkusvill.ru/pim/images/site/site_LargeWebP/0043b032-66b3-40a4-ab54-cc3460231e08.webp,izdelie-kh-b-chiabatta-pshenichnaya-s-olivkami-pekarnya-62719.html